﻿[
    { "id" : "0", "character_id" : "0", "name" : "none", "rarity" : "0", "cost" : "0", "hp" : "0", "power" : "0", "speed" : "0", "range" : "0", "effect_set_id" : "0", "image_id" : "0", "insert_date" : "2018/06/26", "update_date" : "2018/06/26", "delete_flg" : "0", },
    { "id" : "1000", "character_id" : "10", "name" : "ハイゴブリン", "rarity" : "2", "cost" : "1", "hp" : "2", "power" : "2", "speed" : "1", "range" : "1", "effect_set_id" : "0", "image_id" : "230", "insert_date" : "2018/06/26", "update_date" : "2018/06/26", "delete_flg" : "0", },
    { "id" : "1001", "character_id" : "20", "name" : "盾ゴブリン", "rarity" : "1", "cost" : "1", "hp" : "3", "power" : "1", "speed" : "1", "range" : "1", "effect_set_id" : "0", "image_id" : "520", "insert_date" : "2018/06/26", "update_date" : "2018/06/26", "delete_flg" : "0", },
    { "id" : "1002", "character_id" : "30", "name" : "剣ゴブリン", "rarity" : "1", "cost" : "1", "hp" : "1", "power" : "3", "speed" : "1", "range" : "1", "effect_set_id" : "0", "image_id" : "521", "insert_date" : "2018/06/26", "update_date" : "2018/06/26", "delete_flg" : "0", },
    { "id" : "1003", "character_id" : "40", "name" : "弓ゴブリン", "rarity" : "1", "cost" : "1", "hp" : "1", "power" : "1", "speed" : "2", "range" : "1", "effect_set_id" : "0", "image_id" : "0", "insert_date" : "2018/06/26", "update_date" : "2018/06/26", "delete_flg" : "0", },
    { "id" : "1004", "character_id" : "50", "name" : "馬ゴブリン", "rarity" : "1", "cost" : "1", "hp" : "1", "power" : "1", "speed" : "1", "range" : "2", "effect_set_id" : "0", "image_id" : "2061", "insert_date" : "2018/06/26", "update_date" : "2018/06/26", "delete_flg" : "0", },
    { "id" : "1005", "character_id" : "60", "name" : "騎士", "rarity" : "1", "cost" : "2", "hp" : "3", "power" : "2", "speed" : "1", "range" : "1", "effect_set_id" : "0", "image_id" : "100", "insert_date" : "2018/06/26", "update_date" : "2018/06/26", "delete_flg" : "0", },
    { "id" : "1006", "character_id" : "70", "name" : "狂戦士", "rarity" : "1", "cost" : "2", "hp" : "2", "power" : "3", "speed" : "1", "range" : "1", "effect_set_id" : "0", "image_id" : "2100", "insert_date" : "2018/06/26", "update_date" : "2018/06/26", "delete_flg" : "0", },
    { "id" : "1007", "character_id" : "80", "name" : "暗殺者", "rarity" : "1", "cost" : "2", "hp" : "1", "power" : "2", "speed" : "2", "range" : "1", "effect_set_id" : "0", "image_id" : "1241", "insert_date" : "2018/06/26", "update_date" : "2018/06/26", "delete_flg" : "0", },
    { "id" : "1008", "character_id" : "90", "name" : "弓兵", "rarity" : "1", "cost" : "2", "hp" : "1", "power" : "2", "speed" : "1", "range" : "2", "effect_set_id" : "0", "image_id" : "900", "insert_date" : "2018/06/26", "update_date" : "2018/06/26", "delete_flg" : "0", },
    { "id" : "1009", "character_id" : "100", "name" : "バリスタ兵", "rarity" : "2", "cost" : "2", "hp" : "1", "power" : "1", "speed" : "1", "range" : "3", "effect_set_id" : "0", "image_id" : "2191", "insert_date" : "2018/06/26", "update_date" : "2018/06/26", "delete_flg" : "0", },
    { "id" : "1010", "character_id" : "110", "name" : "ランナー", "rarity" : "2", "cost" : "2", "hp" : "1", "power" : "1", "speed" : "3", "range" : "1", "effect_set_id" : "0", "image_id" : "0", "insert_date" : "2018/06/26", "update_date" : "2018/06/26", "delete_flg" : "0", },
    { "id" : "1011", "character_id" : "120", "name" : "巨大熊男", "rarity" : "2", "cost" : "3", "hp" : "4", "power" : "3", "speed" : "1", "range" : "1", "effect_set_id" : "0", "image_id" : "850", "insert_date" : "2018/06/26", "update_date" : "2018/06/26", "delete_flg" : "0", },
    { "id" : "1012", "character_id" : "130", "name" : "サメ男", "rarity" : "1", "cost" : "3", "hp" : "3", "power" : "4", "speed" : "1", "range" : "1", "effect_set_id" : "0", "image_id" : "2620", "insert_date" : "2018/06/26", "update_date" : "2018/06/26", "delete_flg" : "0", },
    { "id" : "1013", "character_id" : "140", "name" : "ビーム男", "rarity" : "1", "cost" : "3", "hp" : "2", "power" : "3", "speed" : "1", "range" : "2", "effect_set_id" : "0", "image_id" : "0", "insert_date" : "2018/06/26", "update_date" : "2018/06/26", "delete_flg" : "0", },
    { "id" : "1014", "character_id" : "150", "name" : "ダッシュ男", "rarity" : "1", "cost" : "3", "hp" : "2", "power" : "3", "speed" : "2", "range" : "1", "effect_set_id" : "0", "image_id" : "0", "insert_date" : "2018/06/26", "update_date" : "2018/06/26", "delete_flg" : "0", },
    { "id" : "1015", "character_id" : "160", "name" : "イエティ", "rarity" : "1", "cost" : "4", "hp" : "5", "power" : "4", "speed" : "1", "range" : "1", "effect_set_id" : "0", "image_id" : "2750", "insert_date" : "2018/06/26", "update_date" : "2018/06/26", "delete_flg" : "0", },
    { "id" : "1016", "character_id" : "170", "name" : "トロール", "rarity" : "1", "cost" : "4", "hp" : "4", "power" : "5", "speed" : "1", "range" : "1", "effect_set_id" : "0", "image_id" : "1700", "insert_date" : "2018/06/26", "update_date" : "2018/06/26", "delete_flg" : "0", },
    { "id" : "1017", "character_id" : "180", "name" : "シェイド", "rarity" : "1", "cost" : "4", "hp" : "3", "power" : "4", "speed" : "2", "range" : "1", "effect_set_id" : "0", "image_id" : "0", "insert_date" : "2018/06/26", "update_date" : "2018/06/26", "delete_flg" : "0", },
];
