﻿[
    { "id" : "1", "card_id" : "1000", },
    { "id" : "2", "card_id" : "1000", },
    { "id" : "3", "card_id" : "1000", },
    { "id" : "4", "card_id" : "1000", },
    { "id" : "5", "card_id" : "1000", },
    { "id" : "6", "card_id" : "1000", },
    { "id" : "7", "card_id" : "1000", },
    { "id" : "8", "card_id" : "1000", },
    { "id" : "9", "card_id" : "1000", },
    { "id" : "10", "card_id" : "1000", },
    { "id" : "11", "card_id" : "1000", },
    { "id" : "12", "card_id" : "1000", },
    { "id" : "13", "card_id" : "1000", },
    { "id" : "14", "card_id" : "1000", },
    { "id" : "15", "card_id" : "1000", },
    { "id" : "16", "card_id" : "1000", },
    { "id" : "17", "card_id" : "1000", },
    { "id" : "18", "card_id" : "1000", },
    { "id" : "19", "card_id" : "1000", },
    { "id" : "20", "card_id" : "1000", },
];
