﻿[
    { "id" : "1", "card_id" : "1000", },
    { "id" : "2", "card_id" : "1001", },
    { "id" : "3", "card_id" : "1002", },
    { "id" : "4", "card_id" : "1003", },
    { "id" : "5", "card_id" : "1004", },
    { "id" : "6", "card_id" : "1000", },
    { "id" : "7", "card_id" : "1001", },
    { "id" : "8", "card_id" : "1002", },
    { "id" : "9", "card_id" : "1003", },
    { "id" : "10", "card_id" : "1004", },
    { "id" : "11", "card_id" : "1005", },
    { "id" : "12", "card_id" : "1006", },
    { "id" : "13", "card_id" : "1007", },
    { "id" : "14", "card_id" : "1008", },
    { "id" : "15", "card_id" : "1009", },
    { "id" : "16", "card_id" : "1010", },
    { "id" : "17", "card_id" : "1005", },
    { "id" : "18", "card_id" : "1006", },
    { "id" : "19", "card_id" : "1007", },
    { "id" : "20", "card_id" : "1008", },
    { "id" : "21", "card_id" : "1009", },
    { "id" : "22", "card_id" : "1010", },
    { "id" : "23", "card_id" : "1011", },
    { "id" : "24", "card_id" : "1012", },
    { "id" : "25", "card_id" : "1013", },
    { "id" : "26", "card_id" : "1014", },
    { "id" : "27", "card_id" : "1011", },
    { "id" : "28", "card_id" : "1012", },
    { "id" : "29", "card_id" : "1013", },
    { "id" : "30", "card_id" : "1014", },
    { "id" : "31", "card_id" : "1015", },
    { "id" : "32", "card_id" : "1016", },
    { "id" : "33", "card_id" : "1017", },
    { "id" : "34", "card_id" : "1015", },
    { "id" : "35", "card_id" : "1016", },
    { "id" : "36", "card_id" : "1017", },
    { "id" : "37", "card_id" : "1015", },
    { "id" : "38", "card_id" : "1016", },
    { "id" : "39", "card_id" : "1017", },
    { "id" : "40", "card_id" : "1011", },
];
